alpha,gamma,seed,step,profit,waste_pct,fill_rate_pct
0.5,0.8,1,5000,171.48760613530538,5.45724795153294,91.80362314206627
0.5,0.8,1,10000,172.37674609695975,5.468088708312172,91.8164128518312
0.5,0.8,1,15000,170.83812654067378,5.312026216417278,91.85295487973106
0.5,0.8,1,20000,171.42050123253904,5.265983498474174,91.87944784995842
0.5,0.8,1,25000,171.8529170090386,5.36231884057971,91.862090386706
0.5,0.8,1,30000,171.66358531909066,5.300968862692666,91.87579364716845
0.5,0.8,1,35000,171.1839222130923,5.154386461132324,91.89497821181587
0.5,0.8,1,40000,172.00253355245138,5.482697351721804,91.8410787206636
0.5,0.8,1,45000,171.90153382634895,5.476051676476672,91.83285676438614
0.5,0.8,1,50000,171.302725280745,5.353075170842825,91.85204132903355
0.5,0.8,1,55000,171.85599835661463,5.368085166464293,91.83833806857112
0.5,0.8,1,60000,171.50917556833744,5.453416966813056,91.8401651699661
0.5,0.8,1,65000,171.91933716789922,5.4318177542843165,91.84473292345359
0.5,0.8,1,70000,170.97815666940565,5.423862738458065,91.8438193727561
0.5,0.8,1,75000,170.85935360175296,5.2624638541166275,91.87853429926093
0.5,0.8,1,80000,170.47760887428103,5.251606096573033,91.88127495135343
0.5,0.8,1,85000,170.3964667214462,5.397497412738734,91.85386843042855
0.5,0.8,1,90000,171.27430840865517,5.449296622282404,91.85021422763856
0.5,0.8,1,95000,171.31094220761435,5.373409621320485,91.85478198112604
0.5,0.8,1,100000,171.3153930430019,5.4982139499906,91.83377031508364
0.5,0.8,1,105000,171.33525061626952,5.292539421040245,91.89954596530335
0.5,0.8,2,5000,170.52964941112023,5.683310199947481,92.01650684430129
0.5,0.8,2,10000,170.34750753218296,5.553260992002404,92.06042749432692
0.5,0.8,2,15000,169.07217200766914,5.242197429741561,92.08879291413513
0.5,0.8,2,20000,169.69460421802245,5.565310472398802,92.02016689847011
0.5,0.8,2,25000,171.49958915365653,5.308893925572034,92.12447844228095
0.5,0.8,2,30000,170.78882497945767,5.2602363390034625,92.13454359124515
0.5,0.8,2,35000,170.52964941112023,5.211146979379406,92.15192884854696
0.5,0.8,2,40000,169.2909476855656,5.369581770495502,92.10526315789474
0.5,0.8,2,45000,171.00691591344838,5.505491410870177,92.10526315789474
0.5,0.8,2,50000,170.4947274719255,5.481008498051552,92.09885806309933
0.5,0.8,2,55000,170.75938099150918,5.285929270127916,92.13728863187175
0.5,0.8,2,60000,170.942892358258,5.456031413514199,92.08513285996632
0.5,0.8,2,65000,170.9593262119967,5.4250159780442875,92.06774760266453
0.5,0.8,2,70000,170.22185702547247,5.221526437214559,92.09153795476172
0.5,0.8,2,75000,170.6200356066831,5.360283674601905,92.06408754849572
0.5,0.8,2,80000,170.93262119967133,5.500089226174263,92.0595124807847
0.5,0.8,2,85000,170.74739797315803,5.558319643276226,92.04944733182052
0.5,0.8,2,90000,169.83600383456587,5.361895000141053,92.08330283288193
0.5,0.8,2,95000,170.56320186250343,5.495083445251088,92.06957762974892
0.5,0.8,2,100000,170.61763900301287,5.399257414109132,92.08330283288193
0.5,0.8,2,105000,171.50609422076144,5.479799402715952,92.08879291413513
0.5,0.8,3,5000,171.80635442344564,5.568763802095569,91.81415322764859
0.5,0.8,3,10000,171.94535743631883,5.803366308781471,91.78400109644113
0.5,0.8,3,15000,171.44686387291154,5.574506874160113,91.80684362008314
0.5,0.8,3,20000,171.40440975075322,5.550387596899225,91.84065055507332
0.5,0.8,3,25000,171.33764721993975,5.511100245418386,91.8132395267029
0.5,0.8,3,30000,171.15961380443713,5.638338826136353,91.82237653615971
0.5,0.8,3,35000,171.12400712133663,5.568604607463641,91.8324272465622
0.5,0.8,3,40000,170.80731306491373,5.542508219821513,91.86988898533511
0.5,0.8,3,45000,171.0387565050671,5.3981309818462435,91.84521905980174
0.5,0.8,3,50000,171.0158175842235,5.512018191727274,91.87537119100918
0.5,0.8,3,55000,170.8572993700356,5.356033655203569,91.88176709762894
0.5,0.8,3,60000,170.87202136400987,5.311025957274533,91.88999040614007
0.5,0.8,3,65000,171.67899205697069,5.362268376920977,91.88176709762894
0.5,0.8,3,70000,171.61462612982746,5.436223314751971,91.9119192288364
0.5,0.8,3,75000,171.5564228978362,5.4893005159435,91.88450820046599
0.5,0.8,3,80000,170.90899753492195,5.330761268467112,91.92014253734753
0.5,0.8,3,85000,170.71453026568062,5.208991093727911,91.89547261181416
0.5,0.8,3,90000,171.24212544508353,5.521414745071508,91.86623418155237
0.5,0.8,3,95000,171.56155847712955,5.566460362331771,91.86988898533511
0.5,0.8,3,100000,171.11442070665572,5.401744136821607,91.87628489195487
0.5,0.8,3,105000,171.85771021637908,5.408329335177188,91.86988898533511
0.5,0.95,1,5000,170.83299096138043,5.44156247354012,91.81367219973873
0.5,0.95,1,10000,170.89906874828813,5.586513433004125,91.77987082393138
0.5,0.95,1,15000,171.06785812106273,5.420842154787109,91.8182399532262
0.5,0.95,1,20000,170.9600109559025,5.399328259212916,91.85295487973106
0.5,0.95,1,25000,171.29998630512188,5.372165239484333,91.86117683600853
0.5,0.95,1,30000,170.8579841139414,5.336459686987966,91.83011611229365
0.5,0.95,1,35000,171.10312243221034,5.525744518893724,91.83377031508364
0.5,0.95,1,40000,170.8935907970419,5.5440706634091335,91.82372125741118
0.5,0.95,1,45000,170.30060257463708,5.5251630853683755,91.81275864904123
0.5,0.95,1,50000,171.01342098055326,5.34184413187972,91.84564647415108
0.5,0.95,1,55000,170.95213640098603,5.3638656727656056,91.85021422763856
0.5,0.95,1,60000,170.86346206518763,5.358016790272183,91.85934973461353
0.5,0.95,1,65000,170.99048205970968,5.324006514964648,91.862090386706
0.5,0.95,1,70000,170.89598740071213,5.127745828226643,91.92512538483322
0.5,0.95,1,75000,171.74027663653794,5.273316135349389,91.9086814722783
0.5,0.95,1,80000,171.47356888523692,5.503293894313451,91.85386843042855
0.5,0.95,1,85000,171.35613530539578,5.326819533867992,91.87579364716845
0.5,0.95,1,90000,171.1935086277732,5.341966815054634,91.87579364716845
0.5,0.95,1,95000,170.20028759244042,5.119547276585711,91.89406466111836
0.5,0.95,1,100000,170.74705560120515,5.126899244546303,91.89041045832839
0.5,0.95,1,105000,171.58826348945493,5.245008903419102,91.87122589368097
0.5,0.95,2,5000,170.44645302656807,5.764436863906434,92.00461166825269
0.5,0.95,2,10000,170.3461380443714,5.544653001436633,92.0402971963985
0.5,0.95,2,15000,171.2363051218844,5.586167406670358,92.02748700680769
0.5,0.95,2,20000,170.5481374965763,5.498036415565869,92.0329770880609
0.5,0.95,2,25000,170.5443714050945,5.674251092645045,92.02016689847011
0.5,0.95,2,30000,170.96822788277186,5.502648484165445,92.06134250786911
0.5,0.95,2,35000,171.1472884141331,5.628887450395429,92.03938218285631
0.5,0.95,2,40000,171.46877567789647,5.591740966682309,92.0384671693141
0.5,0.95,2,45000,171.15927143248425,5.557641757416447,92.04578727765171
0.5,0.95,2,50000,171.3883182689674,5.499459916404452,92.05493741307372
0.5,0.95,2,55000,171.50267050123253,5.749184446360943,91.9936315057463
0.5,0.95,2,60000,171.45371131196933,5.6460766380563765,92.0329770880609
0.5,0.95,2,65000,170.88537387017254,5.545279564339702,92.04487226410951
0.5,0.95,2,70000,170.8942755409477,5.47253862636743,92.0284020203499
0.5,0.95,2,75000,170.60325938099152,5.584914161277302,92.03389210160312
0.5,0.95,2,80000,171.1442070665571,5.4936178605979205,92.06408754849572
0.5,0.95,2,85000,171.606751574911,5.401214262889796,92.09611302247274
0.5,0.95,2,90000,171.39413859216654,5.301719273165043,92.12539345582314
0.5,0.95,2,95000,171.3256642015886,5.373948197245334,92.09062294121952
0.5,0.95,2,100000,170.56799506984387,5.270340219283798,92.09611302247274
0.5,0.95,2,105000,170.8675705286223,5.502235077570339,92.06866261620672
0.5,0.95,3,5000,171.52937551355794,5.69003398997202,91.7712092832016
0.5,0.95,3,10000,171.00657354149547,5.474414799070826,91.83334094750788
0.5,0.95,3,15000,171.37599287866337,5.5690254675312465,91.80958472292019
0.5,0.95,3,20000,170.60462886880308,5.546782471377813,91.81049842386587
0.5,0.95,3,25000,170.27184333059435,5.5227584650961665,91.82694504088812
0.5,0.95,3,30000,170.27869076965214,5.65725980585441,91.81689433048564
0.5,0.95,3,35000,170.5043138866064,5.633802816901409,91.82420393805107
0.5,0.95,3,40000,170.19480964119418,5.37497764348178,91.84521905980174
0.5,0.95,3,45000,170.6104491920022,5.366721246682853,91.88176709762894
0.5,0.95,3,50000,170.61798137496575,5.391215987354634,91.87354378911782
0.5,0.95,3,55000,170.4615173924952,5.390731592566455,91.86623418155237
0.5,0.95,3,60000,170.213982470556,5.4670239270436705,91.86988898533511
0.5,0.95,3,65000,170.68885236921392,5.5753875058713005,91.83790945223629
0.5,0.95,3,70000,170.78266228430567,5.485930257702396,91.84978756453013
0.5,0.95,3,75000,171.02403451109285,5.454836101028718,91.8653204806067
0.5,0.95,3,80000,171.5067789646672,5.479039945848885,91.86166567682397
0.5,0.95,3,85000,171.65297178855107,5.458067671011303,91.85526977020422
0.5,0.95,3,90000,171.1674883593536,5.387322618285843,91.86349307871534
0.5,0.95,3,95000,171.6954259107094,5.54355178115136,91.86714788249806
0.5,0.95,3,100000,170.9298822240482,5.408761252575041,91.87811229384623
0.5,0.95,3,105000,171.65947685565598,5.556547311454154,91.841564256019
0.5,0.99,1,5000,171.4122843056697,5.540361462768207,91.81093154764623
0.5,0.99,1,10000,170.64913722267872,5.41023879220278,91.80088248997377
0.5,0.99,1,15000,170.91892632155574,5.523490816115508,91.81093154764623
0.5,0.99,1,20000,170.78026568063544,5.529650659948106,91.79631473648631
0.5,0.99,1,25000,170.47966310599836,5.404413149075573,91.79357408439381
0.5,0.99,1,30000,170.4351547521227,5.399222361347782,91.79083343230133
0.5,0.99,1,35000,170.66385921665298,5.4425161873211865,91.78078437462887
0.5,0.99,1,40000,170.67036428375786,5.439846404336818,91.78078437462887
0.5,0.99,1,45000,170.8086825527253,5.5890755986617044,91.76616756346894
0.5,0.99,1,50000,170.81552999178308,5.611832584713112,91.75611850579648
0.5,0.99,1,55000,170.63509997261025,5.605825698848955,91.76799466486393
0.5,0.99,1,60000,170.7326759791838,5.4590780809031045,91.80270959136877
0.5,0.99,1,65000,170.6433168994796,5.476268874359095,91.78169792532637
0.5,0.99,1,70000,171.2462339085182,5.452646829167334,91.80636379415876
0.5,0.99,1,75000,171.01752944398794,5.463935953037245,91.7954011857888
0.5,0.99,1,80000,171.57422623938646,5.453861348885336,91.8164128518312
0.5,0.99,1,85000,171.34038619556287,5.574664035335025,91.78535212811634
0.5,0.99,1,90000,171.49171459874006,5.527302807832226,91.80636379415876
0.5,0.99,1,95000,170.71658449739797,5.573779737007829,91.76982176625891
0.5,0.99,1,100000,170.32217200766914,5.355528773727026,91.82372125741118
0.5,0.99,1,105000,170.58511366748837,5.311684764694249,91.8429058220586
0.5,0.99,2,5000,170.77067926595453,5.765249243510113,92.0357221286875
0.5,0.99,2,10000,171.5639550807998,5.687252677181599,92.0247419661811
0.5,0.99,2,15000,170.93364831552998,5.637726151508614,92.05493741307372
0.5,0.99,2,20000,170.81655710764173,5.644465290806754,92.0302320474343
0.5,0.99,2,25000,171.18221035332786,5.4794391909023465,92.09519800893054
0.5,0.99,2,30000,170.89872637633525,5.393949077511584,92.09885806309933
0.5,0.99,2,35000,170.78266228430567,5.289452143724068,92.10526315789474
0.5,0.99,2,40000,170.8415502602027,5.495145266399986,92.08421784642414
0.5,0.99,2,45000,170.07840317721173,5.395930259880633,92.09519800893054
0.5,0.99,2,50000,170.08388112845796,5.391765269776228,92.10617817143694
0.5,0.99,2,55000,170.7093946863873,5.407158163840746,92.08513285996632
0.5,0.99,2,60000,170.4909613804437,5.366981965887508,92.08787790059293
0.5,0.99,2,65000,170.14995891536566,5.2354591500498975,92.09794304955713
0.5,0.99,2,70000,170.3166940564229,5.432351669830291,92.07964277871312
0.5,0.99,2,75000,170.48342919748015,5.232344719181499,92.12264841519655
0.5,0.99,2,80000,170.46665297178856,5.316917636214859,92.10800819852135
0.5,0.99,2,85000,170.3461380443714,5.388686766129866,92.08147280579753
0.5,0.99,2,90000,170.0787455491646,5.396052173749495,92.04487226410951
0.5,0.99,2,95000,170.47418515475212,5.3430879324450125,92.10160310372594
0.5,0.99,2,100000,170.71110654615174,5.415284577292076,92.09885806309933
0.5,0.99,2,105000,170.69843878389483,5.485715358688611,92.10983822560574
0.5,0.99,3,5000,171.53451109285126,5.801003893606042,91.7346612453744
0.5,0.99,3,10000,171.1442070665571,5.660182507792257,91.81232582575723
0.5,0.99,3,15000,171.253081347576,5.5629674170393475,91.83790945223629
0.5,0.99,3,20000,171.22569159134483,5.4058375897132,91.88268079857463
0.5,0.99,3,25000,170.61900849082443,5.149498529522661,91.93841655626113
0.5,0.99,3,30000,170.69398794850727,5.1253287582130636,91.95577687422907
0.5,0.99,3,35000,171.293481238017,5.305069749054011,91.91740143451048
0.5,0.99,3,40000,171.25787455491647,5.3884723567981485,91.89090410708575
0.5,0.99,3,45000,170.91892632155574,5.405888439469476,91.88176709762894
0.5,0.99,3,50000,171.25273897562312,5.402990689363303,91.90186851843391
0.5,0.99,3,55000,171.03567515749108,5.309726183416636,91.91374663072777
0.5,0.99,3,60000,170.70460147904683,5.211876784485927,91.90826442505367
0.5,0.99,3,65000,170.94152287044645,5.285949635208284,91.92471104207593
0.5,0.99,3,70000,171.24486442070665,5.299864468037045,91.9311069486957
0.5,0.99,3,75000,171.01410572445906,5.398160167052317,91.8927315089771
0.5,0.99,3,80000,171.59579567241852,5.307743714761721,91.91740143451048
0.5,0.99,3,85000,170.57552725280746,5.1938262065846255,91.92836584585865
0.5,0.99,3,90000,171.19213913996165,5.284816980723414,91.89638631275983
0.5,0.99,3,95000,171.58689400164337,5.355950062562916,91.91557403261912
0.5,0.99,3,100000,171.15036976170913,5.252597567753422,91.89821371465119
0.5,0.99,3,105000,170.75698438783894,5.246454334846402,91.92927954680434
0.3,0.8,1,5000,171.74198849630238,5.476539865297061,91.7926605336963
0.3,0.8,1,10000,171.40269789098878,5.646577220276602,91.7990553885788
0.3,0.8,1,15000,171.9518625034237,5.532686741099958,91.8209806053187
0.3,0.8,1,20000,171.50917556833744,5.373915334952096,91.84564647415108
0.3,0.8,1,25000,171.28115584771297,5.507701566643472,91.79174698299882
0.3,0.8,1,30000,171.40886058614078,5.498152553049462,91.8191535039237
0.3,0.8,1,35000,171.6088058066283,5.504880479960881,91.7944876350913
0.3,0.8,1,40000,171.9559709668584,5.446420171229654,91.80636379415876
0.3,0.8,1,45000,171.40304026294166,5.396983789279461,91.7990553885788
0.3,0.8,1,50000,171.84196110654617,5.572313214745487,91.7954011857888
0.3,0.8,1,55000,171.3783894823336,5.588655414802842,91.7734759690489
0.3,0.8,1,60000,171.82278827718434,5.676655026097405,91.78443857741885
0.3,0.8,1,65000,171.44857573267598,5.712274774774775,91.78078437462887
0.3,0.8,1,70000,171.51978909887703,5.619951155363516,91.78443857741885
0.3,0.8,1,75000,171.35373870172555,5.538059469978284,91.78900633090633
0.3,0.8,1,80000,171.52869076965214,5.523064482765106,91.78717922951134
0.3,0.8,1,85000,171.15310873733225,5.517740631404773,91.80270959136877
0.3,0.8,1,90000,171.2335661462613,5.375433047145655,91.8182399532262
0.3,0.8,1,95000,171.26027115858668,5.407617900560804,91.83194321368863
0.3,0.8,1,100000,171.36332511640646,5.411153563832791,91.8164128518312
0.3,0.8,1,105000,171.37291153108737,5.357260547400928,91.82463480810867
0.3,0.8,2,5000,171.35682004930158,5.657067817277929,92.0265719932655
0.3,0.8,2,10000,170.23623664749383,5.688808041407246,92.0284020203499
0.3,0.8,2,15000,170.4556970692961,5.628306630145211,92.04944733182052
0.3,0.8,2,20000,171.39448096411942,5.547419215531647,92.0540223995315
0.3,0.8,2,25000,170.7384963023829,5.506094926842096,92.06317253495352
0.3,0.8,2,30000,170.81689947959464,5.435579362841838,92.06957762974892
0.3,0.8,2,35000,171.15584771295536,5.475000939108223,92.09519800893054
0.3,0.8,2,40000,171.84915091755684,5.523004694835681,92.06225752141131
0.3,0.8,2,45000,171.31505067104902,5.673366409994278,92.02016689847011
0.3,0.8,2,50000,171.29382360996988,5.486630915596796,92.07781275162871
0.3,0.8,2,55000,171.68583949602848,5.561292502957135,92.0439572505673
0.3,0.8,2,60000,170.81381813201864,5.489065083421013,92.05036234536271
0.3,0.8,2,65000,171.3123116954259,5.426793736724375,92.06774760266453
0.3,0.8,2,70000,171.98473021090112,5.6787924245265335,92.0485323182783
0.3,0.8,2,75000,171.68275814845248,5.6094585718307215,92.0384671693141
0.3,0.8,2,80000,171.48863325116406,5.535523128063553,92.04487226410951
0.3,0.8,2,85000,172.04772665023282,5.661864025213868,92.02016689847011
0.3,0.8,2,90000,171.69063270336895,5.631173606746527,92.04578727765171
0.3,0.8,2,95000,171.65639550807998,5.720472035018324,92.03114706097651
0.3,0.8,2,100000,171.30101342098055,5.586576450604829,92.05127735890491
0.3,0.8,2,105000,170.8086825527253,5.505466020511665,92.05859746724252
0.3,0.8,3,5000,171.36811832374693,5.588918022310562,91.78765590022385
0.3,0.8,3,10000,171.45062996439333,5.711416262284003,91.78400109644113
0.3,0.8,3,15000,171.9100931251712,5.639080092779536,91.80958472292019
0.3,0.8,3,20000,171.47836209257738,5.497037524687294,91.81049842386587
0.3,0.8,3,25000,171.64509723363463,5.5422909890771,91.81141212481155
0.3,0.8,3,30000,171.20857299370036,5.524628086739012,91.79405180684363
0.3,0.8,3,35000,171.35065735414955,5.4883038460453175,91.80775732102883
0.3,0.8,3,40000,171.3003286770748,5.5393120046631,91.80136141440907
0.3,0.8,3,45000,171.3814708299096,5.494216119627574,91.8132395267029
0.3,0.8,3,50000,171.51910435497123,5.640495867768594,91.80044771346338
0.3,0.8,3,55000,171.23904409750753,5.621165572122476,91.78217369454977
0.3,0.8,3,60000,171.06340728567517,5.574922714074965,91.81506692859426
0.3,0.8,3,65000,171.68138866064092,5.561351567272898,91.80410251724611
0.3,0.8,3,70000,171.86832374691866,5.605817197936924,91.80227511535475
0.3,0.8,3,75000,171.60024650780608,5.530746740121652,91.81141212481155
0.3,0.8,3,80000,170.85901122980005,5.480482598433341,91.83608205034493
0.3,0.8,3,85000,171.0685428649685,5.454477036256562,91.82420393805107
0.3,0.8,3,90000,171.42050123253904,5.609513253555259,91.81506692859426
0.3,0.8,3,95000,171.75602574637085,5.619159427095562,91.81689433048564
0.3,0.8,3,100000,171.1907696521501,5.431120480340304,91.81232582575723
0.3,0.8,3,105000,172.1179129005752,5.561193805442791,91.82237653615971
0.3,0.95,1,5000,171.47014516570803,5.48129474070381,91.78717922951134
0.3,0.95,1,10000,171.42632155573816,5.635972534027185,91.76799466486393
0.3,0.95,1,15000,171.87517118597646,5.7681667713832905,91.7926605336963
0.3,0.95,1,20000,171.3229252259655,5.65646325551707,91.81184509834374
0.3,0.95,1,25000,171.25273897562312,5.565315421109493,91.82463480810867
0.3,0.95,1,30000,171.25821692686935,5.564375968810183,91.82554835880617
0.3,0.95,1,35000,171.27396603670226,5.578100928117837,91.8182399532262
0.3,0.95,1,40000,171.37736236647493,5.455502995307195,91.83468386578113
0.3,0.95,1,45000,171.37736236647493,5.455502995307195,91.83468386578113
0.3,0.95,1,50000,171.37736236647493,5.455502995307195,91.83468386578113
0.3,0.95,1,55000,171.47014516570803,5.449706590430334,91.8429058220586
0.3,0.95,1,60000,171.4085182141879,5.465914433474377,91.83925161926861
0.3,0.95,1,65000,171.4085182141879,5.465914433474377,91.83925161926861
0.3,0.95,1,70000,171.4085182141879,5.465914433474377,91.83925161926861
0.3,0.95,1,75000,171.36709120788825,5.536498031070552,91.8164128518312
0.3,0.95,1,80000,171.36709120788825,5.536498031070552,91.8164128518312
0.3,0.95,1,85000,171.36948781155849,5.536498031070552,91.8164128518312
0.3,0.95,1,90000,171.36948781155849,5.536498031070552,91.8164128518312
0.3,0.95,1,95000,171.36948781155849,5.536498031070552,91.8164128518312
0.3,0.95,1,100000,171.36948781155849,5.536498031070552,91.8164128518312
0.3,0.95,1,105000,171.3557929334429,5.526995911846248,91.82737546020117
0.3,0.95,2,5000,170.4351547521227,5.615953924226364,92.06408754849572
0.3,0.95,2,10000,170.7093946863873,5.4424645690011655,92.05768245370032
0.3,0.95,2,15000,170.86859764448096,5.678280763604995,92.04212722348291
0.3,0.95,2,20000,170.9435771021638,5.612307115050888,92.06591757558012
0.3,0.95,2,25000,170.70049301561215,5.457055387562685,92.11441329331674
0.3,0.95,2,30000,170.8610654615174,5.466482572064583,92.08879291413513
0.3,0.95,2,35000,170.8439468638729,5.454887041472923,92.08970792767734
0.3,0.95,2,40000,170.84326211996714,5.454887041472923,92.08970792767734
0.3,0.95,2,45000,170.91995343741442,5.44747447230233,92.09519800893054
0.3,0.95,2,50000,170.87544508353875,5.451915309323865,92.09519800893054
0.3,0.95,2,55000,170.87544508353875,5.451915309323865,92.09519800893054
0.3,0.95,2,60000,170.92474664475486,5.461052196537764,92.09062294121952
0.3,0.95,2,65000,170.90420432758148,5.462094100186922,92.08787790059293
0.3,0.95,2,70000,170.90420432758148,5.462094100186922,92.08787790059293
0.3,0.95,2,75000,170.89941112024104,5.463870076928135,92.08787790059293
0.3,0.95,2,80000,170.4721309230348,5.444484112816851,92.08513285996632
0.3,0.95,2,85000,170.4721309230348,5.444484112816851,92.08513285996632
0.3,0.95,2,90000,170.41187345932622,5.458884546001203,92.06591757558012
0.3,0.95,2,95000,170.51355792933444,5.487312409609136,92.08147280579753
0.3,0.95,2,100000,170.41187345932622,5.458884546001203,92.06591757558012
0.3,0.95,2,105000,170.39441248972884,5.462334880399857,92.06774760266453
0.3,0.95,3,5000,170.9535058887976,5.47382085677196,91.81232582575723
0.3,0.95,3,10000,171.85462886880308,5.5839947400554175,91.84247795696469
0.3,0.95,3,15000,171.91351684470007,5.5363451852965495,91.85344236831286
0.3,0.95,3,20000,171.69645302656807,5.6295587034273,91.8516149664215
0.3,0.95,3,25000,171.60435497124075,5.614084507042254,91.84339165791037
0.3,0.95,3,30000,171.53622295261573,5.6504389465283325,91.81232582575723
0.3,0.95,3,35000,171.73342919748015,5.593190082023432,91.80592991913747
0.3,0.95,3,40000,171.7252122706108,5.615560898640018,91.81780803143131
0.3,0.95,3,45000,171.8963982470556,5.620468121876996,91.80958472292019
0.3,0.95,3,50000,171.8963982470556,5.620468121876996,91.80958472292019
0.3,0.95,3,55000,171.8963982470556,5.620468121876996,91.80958472292019
0.3,0.95,3,60000,171.8963982470556,5.620468121876996,91.80958472292019
0.3,0.95,3,65000,171.87277458230622,5.6250587019817795,91.80684362008314
0.3,0.95,3,70000,171.8566831005204,5.619687221152492,91.80775732102883
0.3,0.95,3,75000,171.8566831005204,5.619687221152492,91.80775732102883
0.3,0.95,3,80000,171.8566831005204,5.619687221152492,91.80775732102883
0.3,0.95,3,85000,171.8566831005204,5.619687221152492,91.80775732102883
0.3,0.95,3,90000,171.8566831005204,5.619687221152492,91.80775732102883
0.3,0.95,3,95000,171.88099150917557,5.641897285165604,91.80684362008314
0.3,0.95,3,100000,171.75499863051218,5.686158581791905,91.82237653615971
0.3,0.95,3,105000,171.88099150917557,5.641897285165604,91.80684362008314
0.3,0.99,1,5000,171.48212818405915,5.4239999999999995,91.79357408439381
0.3,0.99,1,10000,171.79984935634073,5.598466482494221,91.77256241835141
0.3,0.99,1,15000,172.0015064365927,5.582702174444173,91.78443857741885
0.3,0.99,1,20000,171.73548342919747,5.535561590287632,91.83285676438614
0.3,0.99,1,25000,171.60709394686387,5.531586912180771,91.80910444625124
0.3,0.99,1,30000,171.58141605039714,5.549655554824582,91.80362314206627
0.3,0.99,1,35000,171.5629279649411,5.555659969552878,91.80727734485626
0.3,0.99,1,40000,171.63619556285948,5.544433479016871,91.80179604067128
0.3,0.99,1,45000,171.75876472199397,5.524326966461122,91.81184509834374
0.3,0.99,1,50000,171.75876472199397,5.524326966461122,91.81184509834374
0.3,0.99,1,55000,171.7382224048206,5.527931044206529,91.81093154764623
0.3,0.99,1,60000,171.7382224048206,5.527931044206529,91.81093154764623
0.3,0.99,1,65000,171.7382224048206,5.527931044206529,91.81093154764623
0.3,0.99,1,70000,171.64030402629416,5.542970475716018,91.79631473648631
0.3,0.99,1,75000,171.64030402629416,5.542970475716018,91.79631473648631
0.3,0.99,1,80000,171.65125992878663,5.5409863801708825,91.79996893927628
0.3,0.99,1,85000,171.6492056970693,5.540046433371871,91.80088248997377
0.3,0.99,1,90000,171.6492056970693,5.540046433371871,91.80088248997377
0.3,0.99,1,95000,171.6492056970693,5.540046433371871,91.80088248997377
0.3,0.99,1,100000,171.6492056970693,5.540046433371871,91.80088248997377
0.3,0.99,1,105000,171.6492056970693,5.540046433371871,91.80088248997377
0.3,0.99,2,5000,169.97808819501506,5.516574144522407,92.0348071151453
0.3,0.99,2,10000,171.04457682826623,5.7716989086139865,92.03114706097651
0.3,0.99,2,15000,170.43720898384004,5.541526243158755,92.06408754849572
0.3,0.99,2,20000,170.7354149548069,5.752274579987445,92.03114706097651
0.3,0.99,2,25000,170.9432347302109,5.75813221406086,92.03663714222971
0.3,0.99,2,30000,171.01410572445906,5.747934116588904,92.04487226410951
0.3,0.99,2,35000,171.03464804163244,5.732305010729916,92.0402971963985
0.3,0.99,2,40000,171.03464804163244,5.732305010729916,92.0402971963985
0.3,0.99,2,45000,171.02300739523417,5.73500885552838,92.03938218285631
0.3,0.99,2,50000,171.02300739523417,5.73500885552838,92.03938218285631
0.3,0.99,2,55000,171.02300739523417,5.73500885552838,92.03938218285631
0.3,0.99,2,60000,171.02300739523417,5.73500885552838,92.03938218285631
0.3,0.99,2,65000,170.90660093125172,5.73921028466483,92.0430422370251
0.3,0.99,2,70000,170.76554368666118,5.724861774903945,92.04670229119391
0.3,0.99,2,75000,170.63715420432757,5.735546329531503,92.0302320474343
0.3,0.99,2,80000,170.63715420432757,5.735546329531503,92.0302320474343
0.3,0.99,2,85000,170.63715420432757,5.735546329531503,92.0302320474343
0.3,0.99,2,90000,170.63715420432757,5.735546329531503,92.0302320474343
0.3,0.99,2,95000,170.63715420432757,5.735546329531503,92.0302320474343
0.3,0.99,2,100000,170.74397425362915,5.727726808422908,92.0430422370251
0.3,0.99,2,105000,170.73644207066556,5.724969074483638,92.04487226410951
0.3,0.99,3,5000,171.36400986031225,5.572158941393181,91.80136141440907
0.3,0.99,3,10000,171.7156258559299,5.456905308302923,91.84430535885605
0.3,0.99,3,15000,171.8340865516297,5.4400075255162035,91.84430535885605
0.3,0.99,3,20000,171.64064639824704,5.383174755545516,91.85801087304125
0.3,0.99,3,25000,171.8474390577924,5.489318489544155,91.8369957512906
0.3,0.99,3,30000,171.95528622295262,5.474685924922892,91.84430535885605
0.3,0.99,3,35000,171.96007943029306,5.473745580380651,91.84521905980174
0.3,0.99,3,40000,171.82450013694879,5.502025775764014,91.84796016263877
0.3,0.99,3,45000,171.823815393043,5.503017541220929,91.84613276074741
0.3,0.99,3,50000,171.86763900301287,5.493193441636582,91.84704646169308
0.3,0.99,3,55000,171.81183237469187,5.518738896252221,91.83516834939924
0.3,0.99,3,60000,171.81183237469187,5.518738896252221,91.83516834939924
0.3,0.99,3,65000,171.93337441796768,5.5150307382827926,91.83790945223629
0.3,0.99,3,70000,171.93337441796768,5.5150307382827926,91.83790945223629
0.3,0.99,3,75000,171.93337441796768,5.5150307382827926,91.83790945223629
0.3,0.99,3,80000,171.93337441796768,5.5150307382827926,91.83790945223629
0.3,0.99,3,85000,171.55779238564776,5.488429822004495,91.8369957512906
0.3,0.99,3,90000,171.74746644754862,5.531067021306591,91.8369957512906
0.3,0.99,3,95000,171.59476855655984,5.498834235860409,91.841564256019
0.3,0.99,3,100000,171.5899753492194,5.499774368231047,91.84065055507332
0.3,0.99,3,105000,171.5899753492194,5.499774368231047,91.84065055507332
0.1,0.8,1,5000,171.935428649685,5.664541211603295,91.76434046207395
0.1,0.8,1,10000,171.20549164612436,5.427020313690806,91.8191535039237
0.1,0.8,1,15000,171.07607504793208,5.459521480701227,91.82646190950366
0.1,0.8,1,20000,171.4280334155026,5.45622137153284,91.8218941560162
0.1,0.8,1,25000,171.52218570254723,5.462666917434643,91.83377031508364
0.1,0.8,1,30000,171.6026431114763,5.441377039928514,91.83285676438614
0.1,0.8,1,35000,171.5992193919474,5.440589961622395,91.83102966299114
0.1,0.8,1,40000,171.67317173377157,5.442061700526712,91.83651096717612
0.1,0.8,1,45000,171.65947685565598,5.448048895157498,91.85660908252103
0.1,0.8,1,50000,171.6892632155574,5.444115295998495,91.84747357554608
0.1,0.8,1,55000,171.6457819775404,5.4468853445681615,91.84564647415108
0.1,0.8,1,60000,171.5793618186798,5.448937950747995,91.85660908252103
0.1,0.8,1,65000,171.65434127636263,5.445842502209934,91.84838712624357
0.1,0.8,1,70000,171.59031772117228,5.449552845146184,91.84564647415108
0.1,0.8,1,75000,171.70672418515474,5.438575042554993,91.85112777833606
0.1,0.8,1,80000,171.57559572719802,5.448030696309671,91.8410787206636
0.1,0.8,1,85000,171.59168720898384,5.437992588830578,91.84564647415108
0.1,0.8,1,90000,171.59168720898384,5.437992588830578,91.84564647415108
0.1,0.8,1,95000,171.63790742262393,5.44640589878394,91.83833806857112
0.1,0.8,1,100000,171.63790742262393,5.44640589878394,91.83833806857112
0.1,0.8,1,105000,171.7012462339085,5.438575042554993,91.85112777833606
0.1,0.8,2,5000,171.35784716516022,5.659297886907833,92.03389210160312
0.1,0.8,2,10000,171.5995617639003,5.565932364066415,92.05585242661591
0.1,0.8,2,15000,171.61154478225143,5.537040340220994,92.06500256203792
0.1,0.8,2,20000,171.29005751848808,5.558267007058117,92.06591757558012
0.1,0.8,2,25000,171.2927964941112,5.5423066811882675,92.05036234536271
0.1,0.8,2,30000,171.37565050671049,5.555294802354289,92.05585242661591
0.1,0.8,2,35000,171.22945768282662,5.561552541418314,92.05493741307372
0.1,0.8,2,40000,171.27396603670226,5.5644207483057055,92.05127735890491
0.1,0.8,2,45000,171.39379622021363,5.543611937776359,92.05859746724252
0.1,0.8,2,50000,171.2701999452205,5.550705454955081,92.05859746724252
0.1,0.8,2,55000,171.32703368940017,5.559310577897938,92.04761730473611
0.1,0.8,2,60000,171.30751848808546,5.555294802354289,92.05585242661591
0.1,0.8,2,65000,171.4543960558751,5.530101025275096,92.06225752141131
0.1,0.8,2,70000,171.4054368666119,5.541003614514388,92.05768245370032
0.1,0.8,2,75000,171.3287455491646,5.5525829132520395,92.05676744015811
0.1,0.8,2,80000,171.4115995617639,5.539073941942994,92.06042749432692
0.1,0.8,2,85000,171.4287181594084,5.54345581194495,92.06134250786911
0.1,0.8,2,90000,171.44549438509998,5.546063871730845,92.06225752141131
0.1,0.8,2,95000,171.4311147630786,5.542621104018025,92.06042749432692
0.1,0.8,2,100000,171.4287181594084,5.54345581194495,92.06134250786911
0.1,0.8,2,105000,171.4119419337168,5.544394585156118,92.06042749432692
0.1,0.8,3,5000,171.3883182689674,5.541976121086773,91.80136141440907
0.1,0.8,3,10000,171.79882224048205,5.597053490054589,91.80044771346338
0.1,0.8,3,15000,172.18946863872912,5.601067227838112,91.80775732102883
0.1,0.8,3,20000,171.85086277732128,5.590745056762649,91.78674219927818
0.1,0.8,3,25000,171.74233086825527,5.622199468309958,91.7949655077893
0.1,0.8,3,30000,171.823815393043,5.609522377964,91.7995340125177
0.1,0.8,3,35000,171.83066283210078,5.597940469031871,91.80044771346338
0.1,0.8,3,40000,171.79847986852917,5.599661765396721,91.80136141440907
0.1,0.8,3,45000,171.89502875924404,5.5978352782005745,91.80227511535475
0.1,0.8,3,50000,171.9059846617365,5.591205900314746,91.80958472292019
0.1,0.8,3,55000,171.96966584497397,5.5812380200699065,91.8132395267029
0.1,0.8,3,60000,171.88509997261025,5.586928129140162,91.80684362008314
0.1,0.8,3,65000,171.97377430840865,5.5812380200699065,91.8132395267029
0.1,0.8,3,70000,171.97377430840865,5.5812380200699065,91.8132395267029
0.1,0.8,3,75000,171.86729663106,5.590791637303266,91.80136141440907
0.1,0.8,3,80000,171.86969323473022,5.5897469627068315,91.80410251724611
0.1,0.8,3,85000,171.85805258833196,5.592723445839284,91.79862031157202
0.1,0.8,3,90000,171.91112024102986,5.586303455145131,91.80227511535475
0.1,0.8,3,95000,171.86216105176663,5.590791637303266,91.80136141440907
0.1,0.8,3,100000,171.86729663106,5.590791637303266,91.80136141440907
0.1,0.8,3,105000,171.87722541769378,5.5897469627068315,91.80410251724611
0.1,0.95,1,5000,172.09668583949602,5.702404866052152,91.76799466486393
0.1,0.95,1,10000,171.3588742810189,5.5180000188038845,91.7981418378813
0.1,0.95,1,15000,171.36400986031225,5.4904136381160145,91.81458575043622
0.1,0.95,1,20000,171.45234182415777,5.452117655909125,91.84747357554608
0.1,0.95,1,25000,171.52800602574638,5.443552178737329,91.85752263321854
0.1,0.95,1,30000,171.42632155573816,5.475382402436846,91.84473292345359
0.1,0.95,1,35000,171.4338537387017,5.450390724179761,91.84656002484857
0.1,0.95,1,40000,171.36058614078334,5.4478075208337255,91.82920256159616
0.1,0.95,1,45000,171.3859216652972,5.442112886690055,91.83559741647863
0.1,0.95,1,50000,171.36606409202957,5.454032447683987,91.82920256159616
0.1,0.95,1,55000,171.352369213914,5.454989985236452,91.8438193727561
0.1,0.95,1,60000,171.2304847986853,5.489639351660336,91.82828901089866
0.1,0.95,1,65000,171.2304847986853,5.489639351660336,91.82828901089866
0.1,0.95,1,70000,171.2304847986853,5.489639351660336,91.82828901089866
0.1,0.95,1,75000,171.2304847986853,5.489639351660336,91.82828901089866
0.1,0.95,1,80000,171.2304847986853,5.489639351660336,91.82828901089866
0.1,0.95,1,85000,171.2304847986853,5.489639351660336,91.82828901089866
0.1,0.95,1,90000,171.2304847986853,5.489639351660336,91.82828901089866
0.1,0.95,1,95000,171.24931525609423,5.486136575184046,91.82737546020117
0.1,0.95,1,100000,171.24931525609423,5.486136575184046,91.82737546020117
0.1,0.95,1,105000,171.24931525609423,5.486136575184046,91.82737546020117
0.1,0.95,2,5000,171.2373322377431,5.7436676228509285,91.99729155991508
0.1,0.95,2,10000,170.9963023829088,5.703461275167156,92.00461166825269
0.1,0.95,2,15000,170.87886880306766,5.694861215303826,92.01559183075909
0.1,0.95,2,20000,171.0616954259107,5.646855770673871,92.0348071151453
0.1,0.95,2,25000,171.1089427554095,5.6322173337961186,92.0430422370251
0.1,0.95,2,30000,171.00075321829635,5.645123472421522,92.04944733182052
0.1,0.95,2,35000,171.07915639550808,5.6414248466545365,92.05219237244712
0.1,0.95,2,40000,171.12058340180772,5.629191876553633,92.04944733182052
0.1,0.95,2,45000,171.12058340180772,5.629191876553633,92.04944733182052
0.1,0.95,2,50000,171.12126814571351,5.6310151398607955,92.0485323182783
0.1,0.95,2,55000,171.12126814571351,5.6310151398607955,92.0485323182783
0.1,0.95,2,60000,171.0459463160778,5.652838612254851,92.0384671693141
0.1,0.95,2,65000,171.0428649685018,5.6538295597366295,92.03663714222971
0.1,0.95,2,70000,171.0428649685018,5.6538295597366295,92.03663714222971
0.1,0.95,2,75000,171.0428649685018,5.6538295597366295,92.03663714222971
0.1,0.95,2,80000,171.0428649685018,5.6538295597366295,92.03663714222971
0.1,0.95,2,85000,171.0428649685018,5.6538295597366295,92.03663714222971
0.1,0.95,2,90000,171.0428649685018,5.6538295597366295,92.03663714222971
0.1,0.95,2,95000,170.96446179129006,5.664712778429074,92.0320620745187
0.1,0.95,2,100000,170.96446179129006,5.664712778429074,92.0320620745187
0.1,0.95,2,105000,170.97267871815941,5.660235788446929,92.0329770880609
0.1,0.95,3,5000,171.5208162147357,5.572633181984828,91.77760518982137
0.1,0.95,3,10000,172.11962476033963,5.716645083797834,91.80044771346338
0.1,0.95,3,15000,172.14461791290057,5.685540257716962,91.81780803143131
0.1,0.95,3,20000,171.94433032046015,5.701038088265661,91.7949655077893
0.1,0.95,3,25000,172.00972336346206,5.708681738412305,91.80044771346338
0.1,0.95,3,30000,172.01759791837853,5.697901415324549,91.80318881630043
0.1,0.95,3,35000,171.93885236921392,5.7180127254640665,91.79222440495226
0.1,0.95,3,40000,171.93200493015613,5.721551772676939,91.79222440495226
0.1,0.95,3,45000,171.9751437962202,5.711497132989855,91.79770661062634
0.1,0.95,3,50000,171.9617912900575,5.71066585331519,91.79679290968066
0.1,0.95,3,55000,171.9131744727472,5.724768231805728,91.79770661062634
0.1,0.95,3,60000,171.9131744727472,5.724768231805728,91.79770661062634
0.1,0.95,3,65000,171.9131744727472,5.724768231805728,91.79770661062634
0.1,0.95,3,70000,171.9131744727472,5.724768231805728,91.79770661062634
0.1,0.95,3,75000,171.96418789372774,5.719915552427867,91.80501621819178
0.1,0.95,3,80000,171.9991098329225,5.71522402064274,91.80958472292019
0.1,0.95,3,85000,172.00356066831006,5.714285714285714,91.81049842386587
0.1,0.95,3,90000,172.00184880854562,5.714285714285714,91.81049842386587
0.1,0.95,3,95000,172.00184880854562,5.714285714285714,91.81049842386587
0.1,0.95,3,100000,172.00184880854562,5.714285714285714,91.81049842386587
0.1,0.95,3,105000,172.00184880854562,5.714285714285714,91.81049842386587
0.1,0.99,1,5000,171.7615036976171,5.511988716502116,91.7944876350913
0.1,0.99,1,10000,171.80601205149273,5.532426768412446,91.82554835880617
0.1,0.99,1,15000,171.60538208709943,5.563281029784835,91.81367219973873
0.1,0.99,1,20000,171.39071487263763,5.525215020914603,91.81184509834374
0.1,0.99,1,25000,171.39345384826075,5.5201518911196334,91.82280770671369
0.1,0.99,1,30000,171.36092851273622,5.527099799817674,91.82554835880617
0.1,0.99,1,35000,171.2630101342098,5.5318509050581754,91.8200670546212
0.1,0.99,1,40000,171.26437962202135,5.537278640448171,91.80270959136877
0.1,0.99,1,45000,171.23185428649685,5.547566007763961,91.79357408439381
0.1,0.99,1,50000,171.23185428649685,5.547566007763961,91.79357408439381
0.1,0.99,1,55000,171.2828677074774,5.539158551716359,91.80088248997377
0.1,0.99,1,60000,171.2828677074774,5.539158551716359,91.80088248997377
0.1,0.99,1,65000,171.2828677074774,5.539158551716359,91.80088248997377
0.1,0.99,1,70000,171.31710490276637,5.540254735160032,91.7972282871838
0.1,0.99,1,75000,171.35682004930158,5.5382706533693025,91.80088248997377
0.1,0.99,1,80000,171.35682004930158,5.5382706533693025,91.80088248997377
0.1,0.99,1,85000,171.34791837852643,5.540882217480802,91.80179604067128
0.1,0.99,1,90000,171.34791837852643,5.540882217480802,91.80179604067128
0.1,0.99,1,95000,171.35305395781978,5.540882217480802,91.80179604067128
0.1,0.99,1,100000,171.34860312243222,5.539994360372216,91.80179604067128
0.1,0.99,1,105000,171.34860312243222,5.539994360372216,91.80179604067128
0.1,0.99,2,5000,171.15995617639004,5.766003918370408,91.97807627552888
0.1,0.99,2,10000,171.38455217748563,5.700890764181903,92.0183368713857
0.1,0.99,2,15000,171.62147356888525,5.714044643610489,92.02016689847011
0.1,0.99,2,20000,171.73000547795124,5.698267456686417,92.0329770880609
0.1,0.99,2,25000,171.69063270336895,5.6997927859507,92.02199692555449
0.1,0.99,2,30000,171.68275814845248,5.703329364223633,92.02199692555449
0.1,0.99,2,35000,171.67317173377157,5.682564092946494,92.0293170338921
0.1,0.99,2,40000,171.69337167899207,5.6807951987997,92.0293170338921
0.1,0.99,2,45000,171.6228430566968,5.690950179571092,92.02199692555449
0.1,0.99,2,50000,171.63688030676528,5.689021417051123,92.0247419661811
0.1,0.99,2,55000,171.63688030676528,5.689021417051123,92.0247419661811
0.1,0.99,2,60000,171.6396192823884,5.689074763463144,92.0238269526389
0.1,0.99,2,65000,171.6396192823884,5.689074763463144,92.0238269526389
0.1,0.99,2,70000,171.6396192823884,5.689074763463144,92.0238269526389
0.1,0.99,2,75000,171.6396192823884,5.689074763463144,92.0238269526389
0.1,0.99,2,80000,171.6396192823884,5.689074763463144,92.0238269526389
0.1,0.99,2,85000,171.6396192823884,5.689074763463144,92.0238269526389
0.1,0.99,2,90000,171.6485209531635,5.692612075351393,92.0238269526389
0.1,0.99,2,95000,171.6485209531635,5.692612075351393,92.0238269526389
0.1,0.99,2,100000,171.6485209531635,5.692612075351393,92.0238269526389
0.1,0.99,2,105000,171.6485209531635,5.692612075351393,92.0238269526389
0.1,0.99,3,5000,171.53896192823885,5.718925108643621,91.7766914888757
0.1,0.99,3,10000,171.43419611065463,5.605773025388533,91.78765590022385
0.1,0.99,3,15000,171.71083264858942,5.607125408696305,91.7949655077893
0.1,0.99,3,20000,171.78478499041358,5.615465544450289,91.80410251724611
0.1,0.99,3,25000,171.6950835387565,5.614325172394356,91.79313810589794
0.1,0.99,3,30000,171.665639550808,5.622622011367373,91.78765590022385
0.1,0.99,3,35000,171.6560531361271,5.622622011367373,91.78765590022385
0.1,0.99,3,40000,171.65673788003286,5.632942900350357,91.79313810589794
0.1,0.99,3,45000,171.65673788003286,5.632942900350357,91.79313810589794
0.1,0.99,3,50000,171.61086003834566,5.637904149993425,91.78400109644113
0.1,0.99,3,55000,171.6495480690222,5.6341997238321575,91.78674219927818
0.1,0.99,3,60000,171.59442618460696,5.645524911700608,91.77486408698434
0.1,0.99,3,65000,171.59853464804164,5.645471880665433,91.77577778793001
0.1,0.99,3,70000,171.59853464804164,5.645471880665433,91.77577778793001
0.1,0.99,3,75000,171.606751574911,5.645471880665433,91.77577778793001
0.1,0.99,3,80000,171.606751574911,5.645471880665433,91.77577778793001
0.1,0.99,3,85000,171.606751574911,5.645471880665433,91.77577778793001
0.1,0.99,3,90000,171.66632429471377,5.636025474835146,91.7858284983325
0.1,0.99,3,95000,171.66632429471377,5.636025474835146,91.7858284983325
0.1,0.99,3,100000,171.66392769104354,5.636911862782855,91.7858284983325
0.1,0.99,3,105000,171.66392769104354,5.636911862782855,91.7858284983325
